Unit ID,Timestamp,What is your political affiliation?,Did you get number 1?,Did you get number 2?,Did you get number 3?,Did you get number 4?,Did you get number 5?,Did you get number 6?,Did you get number 7?,Did you get number 8?,"Overall, I find the information in this graph to be trustworthy, credible, and accurately presented.","Overall, I find the information in this graph to be trustworthy, credible, and accurately presented.","Overall, I find the information in this graph to be trustworthy, credible, and accurately presented.","Overall, I find the information in this graph to be trustworthy, credible, and accurately presented.","Overall, I find the information in this graph to be trustworthy, credible, and accurately presented.","Overall, I find the information in this graph to be trustworthy, credible, and accurately presented.","Overall, I find the information in this graph to be trustworthy, credible, and accurately presented.","Overall, I find the information in this graph to be trustworthy, credible, and accurately presented.",Column 1,Column 1
1,4/22/2026 13:49:38,Middle,,,,yes,,,,,,,,6,,,,,6,6
2,4/22/2026 13:50:05,Middle,no,no,no,no,no,no,no,yes,,,,,,,,4,4,4
3,4/22/2026 13:50:29,Left,,,,,,,yes,,,,,,,,4,,4,4
4,4/22/2026 13:51:11,Left,,,,,,,yes,,,,,,,,6,,6,6
5,4/22/2026 13:51:49,Left,,,,,yes,,,,,,,,3,,,,3,3
6,4/22/2026 13:52:24,Left,,yes,,,,,,,,5,,,,,,,5,5
7,4/22/2026 13:52:31,Middle,yes,,,,,,,,4,,,,,,,,4,4
8,4/22/2026 13:53:01,Right,no,no,no,no,no,,yes,,,,,,,,6,,6,6
9,4/22/2026 13:53:17,Middle,,,,,,,yes,,,,,,,,1,,1,1
10,4/22/2026 13:53:40,Left,,,,,,yes,,,,,,,,3,,,3,3
11,4/22/2026 13:53:43,Middle,,,,,yes,,,,,,,,6,,,,6,6
12,4/22/2026 13:54:03,Left,,,,,yes,,,,,,,,1,,,,1,1
13,4/22/2026 13:57:22,Middle,,,,,yes,,,,,,,,5,,,,5,5
14,4/22/2026 13:59:05,Middle,,,yes,,,,,,,,5,,,,,,5,5
15,4/22/2026 14:00:00,Middle,,,yes,,,,,,,,4,,,,,,4,4
16,4/22/2026 14:00:10,Middle,,,,,yes,,,,,,,,3,,,,3,3
17,4/22/2026 14:02:28,Left,,,,,,,,yes,,,,,,,,4,4,4
18,4/22/2026 14:35:19,Middle,,yes,,,,,,,,5,,,,,,,5,5
19,4/24/2026 22:17:30,Right,,,,,,,yes,,,,,,,,7,,7,7
20,4/26/2026 12:11:36,Middle,yes,,,,,,,,7,,,,,,,,7,7
21,4/26/2026 12:12:00,Left,,,,,,yes,,,,,,,,6,,,6,6
22,4/26/2026 12:19:38,Left,,,,yes,,,,,,,,5,,,,,5,5
23,4/26/2026 12:25:19,Left,no,yes,,,,,,,,6,,,,,,,6,6
24,4/26/2026 12:46:27,Left,,,,,,,yes,,,,,,,,4,,4,4
25,4/26/2026 12:51:37,Left,,,,,no,yes,,,,,,,,4,,,4,4
26,4/26/2026 14:08:54,Left,,,yes,,,,,,,,1,,,,,,1,1
27,4/26/2026 14:32:40,Middle,,,yes,,,,,,,,6,,,,,,6,6
28,4/26/2026 15:13:42,Middle,,,yes,,,,,,,,5,,,,,,5,5
29,4/26/2026 20:41:36,Left,,,,,,,,yes,,,,,,,,5,5,5
30,4/28/2026 11:17:42,Left,,yes,,,,,,,,5,,,,,,,5,5
31,4/28/2026 11:18:20,Left,,,,yes,,,,,,,,6,,,,,6,6
32,4/28/2026 11:21:38,Left,,,yes,,,,,,,,6,,,,,,6,6
33,4/28/2026 11:26:09,Left,,,,,,,,yes,,,,,,,,4,4,4
34,4/28/2026 12:09:56,Left,,,,yes,,,,,,,,6,,,,,6,6
35,4/28/2026 15:43:22,Left,,yes,,,,,,,,7,,,,,,,7,7
36,4/28/2026 16:12:24,Middle,,,yes,,,,,,,,3,,,,,,3,3
37,4/28/2026 16:24:31,Left,,,,,yes,,,,,,,,3,,,,3,3
38,4/28/2026 16:27:27,Middle,yes,,,,,,,,4,,,,,,,,4,4
39,4/28/2026 16:27:53,Right,,,,,,yes,,,,,,,,3,,,3,3
40,4/28/2026 16:28:55,Left,,,,,yes,,,,,,,,4,,,,4,4
41,4/28/2026 16:38:54,Middle,,,,,,yes,,,,,,,,4,,,4,4
42,4/28/2026 16:51:13,Right,yes,,,,,,,,5,,,,,,,,5,5
43,4/28/2026 17:09:29,Left,yes,,,,,,,,6,,,,,,,,6,6
44,4/28/2026 17:14:57,Middle,yes,,,,,,,,6,,,,,,,,6,6
45,4/28/2026 17:48:33,Left,,,yes,,,,,,,,6,,,,,,6,6
46,4/28/2026 22:17:28,Left,,,,,,yes,,,,,,,,6,,,6,6
47,4/29/2026 13:55:33,Left,yes,,,,yes,,,,,,,,3,,,,3,3
48,4/29/2026 13:57:34,Left,,yes,,,,,,,,3,,,,,,,3,3
49,4/29/2026 13:57:44,Right,,yes,,,,,,,,5,,,,,,,5,5
50,4/29/2026 13:58:03,Left,,,,,,yes,,,,,,,,6,,,6,6